latitude,longitude,path,row,scan,track,acq_date,acq_time,satellite,confidence,daynight
45.064469,-75.162778,16,28,6210,7563,2023-11-26,1550,L9,L,D
45.160789,-75.216109,16,28,6071,7206,2023-11-26,1550,L9,H,D
45.161059,-75.21611,16,28,6071,7205,2023-11-26,1550,L9,H,D
45.198606,-75.210523,16,28,6086,7066,2023-11-26,1550,L9,H,D
45.200327,-76.063851,16,28,3852,7042,2023-11-26,1550,L9,L,D
45.215008,-75.246116,16,28,5993,7005,2023-11-26,1550,L9,M,D
45.215278,-75.246117,16,28,5993,7004,2023-11-26,1550,L9,H,D
45.250911,-75.432455,16,28,5506,6870,2023-11-26,1550,L9,M,D
45.251925,-75.374733,16,28,5657,6867,2023-11-26,1550,L9,H,D
45.251926,-75.374351,16,28,5658,6867,2023-11-26,1550,L9,H,D
45.252196,-75.374353,16,28,5658,6866,2023-11-26,1550,L9,H,D
45.465107,-76.77071,16,28,2023,6029,2023-11-26,1550,L9,H,D
45.465113,-76.770326,16,28,2024,6029,2023-11-26,1550,L9,M,D
45.466175,-76.771511,16,28,2021,6025,2023-11-26,1550,L9,M,D
45.466439,-76.771903,16,28,2020,6024,2023-11-26,1550,L9,H,D
45.466445,-76.771519,16,28,2021,6024,2023-11-26,1550,L9,H,D
45.466715,-76.771528,16,28,2021,6023,2023-11-26,1550,L9,H,D
45.469672,-76.772388,16,28,2019,6012,2023-11-26,1550,L9,H,D
45.469678,-76.772004,16,28,2020,6012,2023-11-26,1550,L9,M,D
45.469942,-76.772397,16,28,2019,6011,2023-11-26,1550,L9,H,D
45.469948,-76.772013,16,28,2020,6011,2023-11-26,1550,L9,H,D
45.470212,-76.772405,16,28,2019,6010,2023-11-26,1550,L9,M,D
45.473688,-76.19257,16,28,3530,6025,2023-11-26,1550,L9,L,D
45.473958,-76.192576,16,28,3530,6024,2023-11-26,1550,L9,L,D
45.503403,-75.031169,16,28,6556,5938,2023-11-26,1550,L9,M,D
45.553312,-76.926837,16,28,1624,5693,2023-11-26,1550,L9,L,D
45.565518,-76.939557,16,28,1592,5647,2023-11-26,1550,L9,M,D
45.565781,-76.93995,16,28,1591,5646,2023-11-26,1550,L9,M,D
45.565788,-76.939566,16,28,1592,5646,2023-11-26,1550,L9,H,D
45.887215,-77.298332,16,28,693,4431,2023-11-26,1550,L9,H,D
45.887485,-77.298343,16,28,693,4430,2023-11-26,1550,L9,L,D
42.513712,-76.717544,16,30,4824,6489,2023-11-26,1551,L9,M,D
42.64376,-76.456908,16,30,5546,6021,2023-11-26,1551,L9,H,D
42.643765,-76.456542,16,30,5547,6021,2023-11-26,1551,L9,M,D
42.64403,-76.456915,16,30,5546,6020,2023-11-26,1551,L9,H,D
42.644035,-76.456549,16,30,5547,6020,2023-11-26,1551,L9,M,D
42.863724,-76.991259,16,30,4105,5177,2023-11-26,1551,L9,H,D
43.060248,-76.044898,16,30,6691,4496,2023-11-26,1551,L9,H,D
43.063256,-76.205955,16,30,6254,4479,2023-11-26,1551,L9,M,D
43.081569,-77.381205,16,30,3066,4343,2023-11-26,1551,L9,H,D
43.081839,-77.381216,16,30,3066,4342,2023-11-26,1551,L9,H,D
43.123524,-76.900465,16,30,4374,4221,2023-11-26,1551,L9,L,D
43.200537,-78.253531,16,30,716,3823,2023-11-26,1551,L9,M,D
43.247893,-75.995994,16,30,6832,3803,2023-11-26,1551,L9,L,D
43.290757,-78.037585,16,30,1313,3511,2023-11-26,1551,L9,L,D
43.323827,-76.360579,16,30,5850,3508,2023-11-26,1551,L9,H,D
43.371266,-76.519013,16,30,5425,3325,2023-11-26,1551,L9,L,D
43.486948,-76.386124,16,30,5791,2903,2023-11-26,1551,L9,H,D
43.486953,-76.385753,16,30,5792,2903,2023-11-26,1551,L9,L,D
43.982688,-77.090761,16,29,2488,6268,2023-11-26,1551,L9,L,D
43.982695,-77.090387,16,30,3939,1028,2023-11-26,1551,L9,M,D
43.982695,-77.090387,16,29,2489,6268,2023-11-26,1551,L9,M,D
44.057075,-77.476901,16,29,1464,5964,2023-11-26,1551,L9,L,D
44.057083,-77.476527,16,29,1465,5964,2023-11-26,1551,L9,H,D
44.057083,-77.476527,16,30,2915,724,2023-11-26,1551,L9,H,D
44.057091,-77.476153,16,29,1466,5964,2023-11-26,1551,L9,H,D
44.057091,-77.476153,16,30,2916,724,2023-11-26,1551,L9,M,D
44.145188,-77.051479,16,29,2608,5669,2023-11-26,1551,L9,M,D
44.193077,-77.603846,16,29,1141,5450,2023-11-26,1551,L9,M,D
44.33574,-77.339216,16,29,1861,4943,2023-11-26,1551,L9,H,D
44.335747,-77.33884,16,29,1862,4943,2023-11-26,1551,L9,H,D
44.494565,-77.659118,16,29,1030,4329,2023-11-26,1551,L9,M,D
44.494574,-77.658741,16,29,1031,4329,2023-11-26,1551,L9,M,D
44.504692,-77.384082,16,29,1760,4314,2023-11-26,1551,L9,M,D
44.59473,-75.92196,16,29,5638,4059,2023-11-26,1551,L9,H,D
44.595,-75.921964,16,29,5638,4058,2023-11-26,1551,L9,H,D
44.595003,-75.921586,16,29,5639,4058,2023-11-26,1551,L9,H,D
44.681293,-75.621632,16,29,6435,3746,2023-11-26,1551,L9,L,D
44.681295,-75.621254,16,29,6436,3746,2023-11-26,1551,L9,M,D
44.806624,-76.116148,16,29,5135,3268,2023-11-26,1551,L9,M,D
44.806627,-76.115769,16,29,5136,3268,2023-11-26,1551,L9,H,D
44.83646,-75.813078,16,29,5935,3167,2023-11-26,1551,L9,M,D
44.989527,-75.492518,16,29,6783,2607,2023-11-26,1551,L9,M,D
44.989529,-75.492137,16,29,6784,2607,2023-11-26,1551,L9,H,D
44.989799,-75.492139,16,29,6784,2606,2023-11-26,1551,L9,M,D
45.049451,-75.861805,16,29,5815,2377,2023-11-26,1551,L9,M,D
45.064469,-75.162778,16,29,7650,2333,2023-11-26,1551,L9,L,D
45.160789,-75.216109,16,29,7511,1976,2023-11-26,1551,L9,H,D
45.161059,-75.21611,16,29,7511,1975,2023-11-26,1551,L9,H,D
45.16106,-75.215728,16,29,7512,1975,2023-11-26,1551,L9,M,D
45.198606,-75.210523,16,29,7526,1836,2023-11-26,1551,L9,H,D
45.200327,-76.063851,16,29,5292,1812,2023-11-26,1551,L9,L,D
45.215008,-75.246116,16,29,7433,1775,2023-11-26,1551,L9,L,D
45.215278,-75.246117,16,29,7433,1774,2023-11-26,1551,L9,H,D
45.250911,-75.432455,16,29,6946,1640,2023-11-26,1551,L9,M,D
45.251925,-75.374733,16,29,7097,1637,2023-11-26,1551,L9,H,D
45.251926,-75.374351,16,29,7098,1637,2023-11-26,1551,L9,H,D
45.252196,-75.374353,16,29,7098,1636,2023-11-26,1551,L9,H,D
45.465107,-76.77071,16,29,3463,799,2023-11-26,1551,L9,H,D
45.466439,-76.771903,16,29,3460,794,2023-11-26,1551,L9,H,D
45.466445,-76.771519,16,29,3461,794,2023-11-26,1551,L9,H,D
45.466715,-76.771528,16,29,3461,793,2023-11-26,1551,L9,H,D
45.469672,-76.772388,16,29,3459,782,2023-11-26,1551,L9,H,D
45.469678,-76.772004,16,29,3460,782,2023-11-26,1551,L9,M,D
45.469942,-76.772397,16,29,3459,781,2023-11-26,1551,L9,H,D
45.469948,-76.772013,16,29,3460,781,2023-11-26,1551,L9,H,D
45.470212,-76.772405,16,29,3459,780,2023-11-26,1551,L9,H,D
45.553312,-76.926837,16,29,3064,463,2023-11-26,1551,L9,L,D
45.565518,-76.939557,16,29,3032,417,2023-11-26,1551,L9,M,D
45.565781,-76.93995,16,29,3031,416,2023-11-26,1551,L9,M,D
45.565788,-76.939566,16,29,3032,416,2023-11-26,1551,L9,H,D
39.072938,-78.103413,16,33,4760,3185,2023-11-26,1552,L9,L,D
39.073208,-78.103402,16,33,4760,3184,2023-11-26,1552,L9,H,D
39.073478,-78.103391,16,33,4760,3183,2023-11-26,1552,L9,L,D
39.138037,-78.037584,16,33,4942,2938,2023-11-26,1552,L9,L,D
39.477256,-79.066334,16,33,1951,1763,2023-11-26,1552,L9,H,D
39.477262,-79.066682,16,33,1950,1763,2023-11-26,1552,L9,H,D
39.477526,-79.066326,16,33,1951,1762,2023-11-26,1552,L9,M,D
39.555008,-77.327327,16,33,6926,1320,2023-11-26,1552,L9,L,D
39.557156,-77.721245,16,32,4654,6889,2023-11-26,1552,L9,M,D
39.557164,-77.720896,16,32,4655,6889,2023-11-26,1552,L9,M,D
39.557338,-77.720974,16,33,5798,1355,2023-11-26,1552,L9,M,D
39.59376,-77.718906,16,33,5799,1220,2023-11-26,1552,L9,H,D
39.610226,-77.642665,16,33,6015,1151,2023-11-26,1552,L9,H,D
39.610321,-77.642615,16,32,4885,6699,2023-11-26,1552,L9,H,D
39.641443,-77.685194,16,33,5889,1040,2023-11-26,1552,L9,H,D
39.652128,-77.680838,16,33,5900,1000,2023-11-26,1552,L9,L,D
39.652151,-77.680568,16,32,4781,6541,2023-11-26,1552,L9,L,D
39.746526,-78.84035,16,33,2575,752,2023-11-26,1552,L9,M,D
39.746563,-78.840115,16,32,1479,6071,2023-11-26,1552,L9,L,D
39.822339,-78.023973,16,32,3820,5880,2023-11-26,1552,L9,H,D
39.827632,-77.569259,16,32,5118,5901,2023-11-26,1552,L9,H,D
39.827895,-77.569619,16,32,5117,5900,2023-11-26,1552,L9,H,D
39.827902,-77.569269,16,32,5118,5900,2023-11-26,1552,L9,H,D
39.837706,-78.216038,16,32,3274,5804,2023-11-26,1552,L9,H,D
39.842378,-77.938264,16,32,4067,5814,2023-11-26,1552,L9,H,D
39.842648,-77.938275,16,32,4067,5813,2023-11-26,1552,L9,H,D
40.002147,-78.050872,16,32,3766,5212,2023-11-26,1552,L9,H,D
40.055997,-77.099873,16,32,6477,5091,2023-11-26,1552,L9,H,D
40.071117,-77.641707,16,32,4938,4994,2023-11-26,1552,L9,H,D
40.071125,-77.641355,16,32,4939,4994,2023-11-26,1552,L9,M,D
40.122357,-78.345579,16,32,2944,4737,2023-11-26,1552,L9,L,D
40.122448,-77.025875,16,32,6693,4850,2023-11-26,1552,L9,H,D
40.122718,-77.025883,16,32,6693,4849,2023-11-26,1552,L9,M,D
40.127552,-78.324714,16,32,3004,4720,2023-11-26,1552,L9,H,D
40.13111,-78.198508,16,32,3363,4720,2023-11-26,1552,L9,H,D
40.13138,-78.198521,16,32,3363,4719,2023-11-26,1552,L9,H,D
40.224125,-76.911142,16,32,7027,4481,2023-11-26,1552,L9,H,D
40.290234,-78.462177,16,32,2637,4103,2023-11-26,1552,L9,M,D
40.319741,-78.933156,16,32,1307,3938,2023-11-26,1552,L9,H,D
40.319753,-78.932804,16,32,1308,3938,2023-11-26,1552,L9,H,D
40.405891,-77.584059,16,32,5138,3760,2023-11-26,1552,L9,L,D
40.431265,-77.771746,16,32,4610,3650,2023-11-26,1552,L9,L,D
40.449016,-78.203288,16,32,3392,3543,2023-11-26,1552,L9,H,D
40.449296,-78.202948,16,32,3393,3542,2023-11-26,1552,L9,H,D
40.455592,-78.910662,16,32,1393,3438,2023-11-26,1552,L9,L,D
40.462146,-77.723132,16,32,4751,3540,2023-11-26,1552,L9,H,D
40.626157,-77.570546,16,32,5200,2946,2023-11-26,1552,L9,H,D
40.669698,-78.05663,16,32,3835,2741,2023-11-26,1552,L9,H,D
40.693637,-78.229186,16,32,3352,2635,2023-11-26,1552,L9,M,D
40.806514,-77.841719,16,32,4457,2255,2023-11-26,1552,L9,H,D
40.891827,-77.710063,16,31,3367,7181,2023-11-26,1552,L9,H,D
40.891827,-77.710063,16,32,4837,1951,2023-11-26,1552,L9,H,D
40.891836,-77.709707,16,31,3368,7181,2023-11-26,1552,L9,H,D
40.891836,-77.709707,16,32,4838,1951,2023-11-26,1552,L9,H,D
40.892097,-77.710074,16,31,3367,7180,2023-11-26,1552,L9,H,D
40.892097,-77.710074,16,32,4837,1950,2023-11-26,1552,L9,H,D
40.892106,-77.709718,16,31,3368,7180,2023-11-26,1552,L9,H,D
40.892106,-77.709718,16,32,4838,1950,2023-11-26,1552,L9,H,D
40.892367,-77.710085,16,32,4837,1949,2023-11-26,1552,L9,H,D
40.892367,-77.710085,16,31,3367,7179,2023-11-26,1552,L9,H,D
40.901022,-78.045186,16,32,3897,1886,2023-11-26,1552,L9,H,D
41.119265,-77.510737,16,32,5421,1126,2023-11-26,1552,L9,H,D
41.119265,-77.510737,16,31,3951,6356,2023-11-26,1552,L9,H,D
41.119535,-77.510748,16,31,3951,6355,2023-11-26,1552,L9,M,D
41.119535,-77.510748,16,32,5421,1125,2023-11-26,1552,L9,M,D
41.283356,-78.639563,16,31,817,5637,2023-11-26,1552,L9,M,D
41.283356,-78.639563,16,32,2287,407,2023-11-26,1552,L9,M,D
41.283367,-78.639205,16,32,2288,407,2023-11-26,1552,L9,M,D
41.283367,-78.639205,16,31,818,5637,2023-11-26,1552,L9,M,D
41.283626,-78.639578,16,31,817,5636,2023-11-26,1552,L9,H,D
41.283626,-78.639578,16,32,2287,406,2023-11-26,1552,L9,H,D
41.283637,-78.63922,16,31,818,5636,2023-11-26,1552,L9,H,D
41.283637,-78.63922,16,32,2288,406,2023-11-26,1552,L9,H,D
41.423315,-78.526418,16,31,1154,5132,2023-11-26,1552,L9,H,D
41.590642,-78.470025,16,31,1336,4519,2023-11-26,1552,L9,M,D
41.660187,-77.122713,16,31,5086,4383,2023-11-26,1552,L9,L,D
41.868533,-76.969462,16,31,5529,3622,2023-11-26,1552,L9,L,D
41.987428,-77.030705,16,31,5370,3178,2023-11-26,1552,L9,L,D
42.031753,-76.678774,16,31,6345,3035,2023-11-26,1552,L9,L,D
42.033255,-77.051733,16,31,5316,3007,2023-11-26,1552,L9,L,D
42.513712,-76.717544,16,31,6274,1249,2023-11-26,1552,L9,M,D
35.481433,-80.261256,16,35,941,5971,2023-11-26,1553,L9,H,D
35.481711,-80.262576,16,35,937,5970,2023-11-26,1553,L9,H,D
35.481982,-80.262574,16,35,937,5969,2023-11-26,1553,L9,H,D
35.56481,-80.481299,16,35,274,5667,2023-11-26,1553,L9,H,D
35.56508,-80.481297,16,35,274,5666,2023-11-26,1553,L9,H,D
35.565082,-80.481628,16,35,273,5666,2023-11-26,1553,L9,H,D
35.565351,-80.481295,16,35,274,5665,2023-11-26,1553,L9,H,D
35.565352,-80.481626,16,35,273,5665,2023-11-26,1553,L9,H,D
35.803003,-80.400067,16,35,514,4785,2023-11-26,1553,L9,M,D
35.803274,-80.400065,16,35,514,4784,2023-11-26,1553,L9,M,D
35.838365,-80.019129,16,35,1660,4645,2023-11-26,1553,L9,M,D
36.18029,-80.09495,16,35,1420,3383,2023-11-26,1553,L9,M,D
36.18056,-80.094947,16,35,1420,3382,2023-11-26,1553,L9,H,D
36.180831,-80.094943,16,35,1420,3381,2023-11-26,1553,L9,M,D
37.014986,-80.040634,16,35,1552,295,2023-11-26,1553,L9,H,D
37.273425,-79.998451,16,34,507,4648,2023-11-26,1553,L9,H,D
37.273428,-79.998789,16,34,506,4648,2023-11-26,1553,L9,H,D
37.273692,-79.998109,16,34,508,4647,2023-11-26,1553,L9,H,D
37.273695,-79.998447,16,34,507,4647,2023-11-26,1553,L9,H,D
37.273698,-79.998786,16,34,506,4647,2023-11-26,1553,L9,H,D
37.273963,-79.998106,16,34,508,4646,2023-11-26,1553,L9,H,D
37.273965,-79.998444,16,34,507,4646,2023-11-26,1553,L9,H,D
35.186542,-80.347628,16,36,1847,1753,2023-11-26,1554,L9,H,D
35.481433,-80.261256,16,36,2101,661,2023-11-26,1554,L9,H,D
35.481711,-80.262576,16,36,2097,660,2023-11-26,1554,L9,H,D
35.481982,-80.262574,16,36,2097,659,2023-11-26,1554,L9,H,D
35.56481,-80.481299,16,36,1434,357,2023-11-26,1554,L9,H,D
35.56508,-80.481297,16,36,1434,356,2023-11-26,1554,L9,H,D
35.565082,-80.481628,16,36,1433,356,2023-11-26,1554,L9,H,D
35.565351,-80.481295,16,36,1434,355,2023-11-26,1554,L9,H,D
35.565352,-80.481626,16,36,1433,355,2023-11-26,1554,L9,H,D
26.664837,-80.941864,16,41,6060,6720,2023-11-26,1556,L9,L,D
26.665107,-80.941864,16,41,6060,6719,2023-11-26,1556,L9,M,D
26.665107,-80.940959,16,41,6063,6719,2023-11-26,1556,L9,H,D
26.665107,-80.940658,16,41,6064,6719,2023-11-26,1556,L9,M,D
26.665376,-80.936437,16,41,6078,6718,2023-11-26,1556,L9,M,D
26.665378,-80.941261,16,41,6062,6718,2023-11-26,1556,L9,M,D
26.665378,-80.940959,16,41,6063,6718,2023-11-26,1556,L9,H,D
26.665378,-80.940658,16,41,6064,6718,2023-11-26,1556,L9,H,D
26.665649,-80.94126,16,41,6062,6717,2023-11-26,1556,L9,H,D
26.665649,-80.940959,16,41,6063,6717,2023-11-26,1556,L9,H,D
26.66592,-80.94126,16,41,6062,6716,2023-11-26,1556,L9,M,D
26.66592,-80.940959,16,41,6063,6716,2023-11-26,1556,L9,H,D
26.752195,-81.855694,16,41,3031,6388,2023-11-26,1556,L9,H,D
26.754204,-81.836702,16,41,3094,6381,2023-11-26,1556,L9,M,D
26.754473,-81.837005,16,41,3093,6380,2023-11-26,1556,L9,M,D
26.754475,-81.836704,16,41,3094,6380,2023-11-26,1556,L9,H,D
27.341616,-80.827779,16,41,6435,4221,2023-11-26,1556,L9,H,D
27.553983,-81.789811,16,41,3268,3429,2023-11-26,1556,L9,L,D
44.305839,-89.857816,24,29,1419,5040,2023-11-26,1640,L8,M,D
40.658663,-90.702259,24,32,2772,2667,2023-11-26,1641,L8,L,D
32.517694,-93.531562,24,37,493,6319,2023-11-26,1643,L8,H,D
34.243307,-92.949883,24,36,1111,5246,2023-11-26,1643,L8,H,D
34.243577,-92.949882,24,36,1111,5245,2023-11-26,1643,L8,H,D
34.513847,-92.629419,24,36,2091,4244,2023-11-26,1643,L8,H,D
34.61371,-92.373085,24,36,2873,3871,2023-11-26,1643,L8,L,D
34.673913,-92.459736,24,36,2607,3650,2023-11-26,1643,L8,H,D
34.673915,-92.460064,24,36,2606,3650,2023-11-26,1643,L8,L,D
34.674182,-92.459407,24,36,2608,3649,2023-11-26,1643,L8,H,D
34.674184,-92.459735,24,36,2607,3649,2023-11-26,1643,L8,H,D
34.674185,-92.460062,24,36,2606,3649,2023-11-26,1643,L8,H,D
34.674454,-92.459733,24,36,2607,3648,2023-11-26,1643,L8,L,D
35.401335,-92.825613,24,35,295,6265,2023-11-26,1643,L8,L,D
35.46673,-92.50772,24,36,2446,720,2023-11-26,1643,L8,H,D
35.467001,-92.507718,24,36,2446,719,2023-11-26,1643,L8,H,D
35.467001,-92.507718,24,35,1256,6019,2023-11-26,1643,L8,H,D
35.467271,-92.507717,24,35,1256,6018,2023-11-26,1643,L8,H,D
29.755391,-93.8794,24,39,1743,5917,2023-11-26,1644,L8,L,D
29.755405,-93.877228,24,39,1750,5917,2023-11-26,1644,L8,M,D
29.758104,-93.878492,24,39,1746,5907,2023-11-26,1644,L8,L,D
29.75836,-93.880667,24,39,1739,5906,2023-11-26,1644,L8,H,D
29.758375,-93.878495,24,39,1746,5906,2023-11-26,1644,L8,H,D
29.758693,-93.871361,24,39,1769,5905,2023-11-26,1644,L8,M,D
29.758707,-93.869189,24,39,1776,5905,2023-11-26,1644,L8,L,D
29.759211,-93.874779,24,39,1758,5903,2023-11-26,1644,L8,H,D
29.759482,-93.874781,24,39,1758,5902,2023-11-26,1644,L8,H,D
29.759484,-93.874471,24,39,1759,5902,2023-11-26,1644,L8,H,D
29.761102,-93.875416,24,39,1756,5896,2023-11-26,1644,L8,H,D
29.761117,-93.873244,24,39,1763,5896,2023-11-26,1644,L8,H,D
29.771432,-93.332736,24,39,3505,5867,2023-11-26,1644,L8,L,D
29.828435,-93.964494,24,39,1471,5645,2023-11-26,1644,L8,H,D
29.828706,-93.964496,24,39,1471,5644,2023-11-26,1644,L8,H,D
29.832218,-93.965461,24,39,1468,5631,2023-11-26,1644,L8,H,D
29.832489,-93.965464,24,39,1468,5630,2023-11-26,1644,L8,H,D
29.834398,-93.963619,24,39,1474,5623,2023-11-26,1644,L8,H,D
29.834666,-93.963932,24,39,1473,5622,2023-11-26,1644,L8,H,D
29.834668,-93.963622,24,39,1474,5622,2023-11-26,1644,L8,H,D
29.834937,-93.963935,24,39,1473,5621,2023-11-26,1644,L8,H,D
29.834939,-93.963624,24,39,1474,5621,2023-11-26,1644,L8,H,D
29.834941,-93.963314,24,39,1475,5621,2023-11-26,1644,L8,H,D
29.83521,-93.963627,24,39,1474,5620,2023-11-26,1644,L8,H,D
29.835212,-93.963317,24,39,1475,5620,2023-11-26,1644,L8,H,D
29.835214,-93.963006,24,39,1476,5620,2023-11-26,1644,L8,H,D
29.835754,-93.963322,24,39,1475,5618,2023-11-26,1644,L8,H,D
29.835756,-93.963011,24,39,1476,5618,2023-11-26,1644,L8,H,D
29.865965,-93.978211,24,39,1428,5506,2023-11-26,1644,L8,H,D
29.882105,-94.188681,24,39,751,5440,2023-11-26,1644,L8,H,D
29.957063,-93.882413,24,39,1739,5172,2023-11-26,1644,L8,M,D
29.959514,-93.880258,24,39,1746,5163,2023-11-26,1644,L8,H,D
29.959516,-93.879947,24,39,1747,5163,2023-11-26,1644,L8,H,D
29.959784,-93.880261,24,39,1746,5162,2023-11-26,1644,L8,H,D
29.959787,-93.87995,24,39,1747,5162,2023-11-26,1644,L8,H,D
29.960055,-93.880263,24,39,1746,5161,2023-11-26,1644,L8,H,D
29.960057,-93.879952,24,39,1747,5161,2023-11-26,1644,L8,H,D
29.960326,-93.880265,24,39,1746,5160,2023-11-26,1644,L8,M,D
29.963208,-93.933457,24,39,1575,5148,2023-11-26,1644,L8,M,D
29.970444,-93.943786,24,39,1542,5121,2023-11-26,1644,L8,H,D
29.979277,-93.880122,24,39,1747,5090,2023-11-26,1644,L8,H,D
29.97928,-93.879811,24,39,1748,5090,2023-11-26,1644,L8,H,D
29.979548,-93.880124,24,39,1747,5089,2023-11-26,1644,L8,L,D
29.980964,-93.949172,24,39,1525,5082,2023-11-26,1644,L8,H,D
29.980966,-93.948861,24,39,1526,5082,2023-11-26,1644,L8,H,D
30.006415,-93.985495,24,39,1409,4987,2023-11-26,1644,L8,H,D
30.006686,-93.985498,24,39,1409,4986,2023-11-26,1644,L8,H,D
30.006763,-92.382894,24,39,6561,4994,2023-11-26,1644,L8,L,D
30.007032,-92.382581,24,39,6562,4993,2023-11-26,1644,L8,H,D
30.007033,-92.382892,24,39,6561,4993,2023-11-26,1644,L8,M,D
30.031983,-94.040195,24,39,1234,4891,2023-11-26,1644,L8,H,D
30.031985,-94.039884,24,39,1235,4891,2023-11-26,1644,L8,H,D
30.040134,-92.722485,24,39,5469,4875,2023-11-26,1644,L8,H,D
30.049107,-93.751907,24,39,2161,4835,2023-11-26,1644,L8,H,D
30.049378,-93.751909,24,39,2161,4834,2023-11-26,1644,L8,H,D
30.050834,-93.333355,24,39,3506,4835,2023-11-26,1644,L8,H,D
30.053132,-93.758161,24,39,2141,4820,2023-11-26,1644,L8,H,D
30.053403,-93.758163,24,39,2141,4819,2023-11-26,1644,L8,H,D
30.053991,-93.750077,24,39,2167,4817,2023-11-26,1644,L8,H,D
30.054261,-93.750079,24,39,2167,4816,2023-11-26,1644,L8,H,D
30.067195,-94.226367,24,39,637,4755,2023-11-26,1644,L8,H,D
30.067466,-94.22637,24,39,637,4754,2023-11-26,1644,L8,H,D
30.071355,-94.059282,24,39,1174,4745,2023-11-26,1644,L8,H,D
30.071625,-94.059284,24,39,1174,4744,2023-11-26,1644,L8,H,D
30.081422,-94.086159,24,39,1088,4707,2023-11-26,1644,L8,M,D
30.081425,-94.085847,24,39,1089,4707,2023-11-26,1644,L8,M,D
30.097425,-93.903271,24,39,1676,4653,2023-11-26,1644,L8,M,D
30.114273,-93.296822,24,39,3624,4601,2023-11-26,1644,L8,H,D
30.114274,-93.296511,24,39,3625,4601,2023-11-26,1644,L8,H,D
30.114544,-93.296823,24,39,3624,4600,2023-11-26,1644,L8,H,D
30.114544,-93.296511,24,39,3625,4600,2023-11-26,1644,L8,H,D
30.165124,-93.413811,24,39,3249,4412,2023-11-26,1644,L8,H,D
30.165125,-93.413499,24,39,3250,4412,2023-11-26,1644,L8,M,D
30.165126,-93.413187,24,39,3251,4412,2023-11-26,1644,L8,H,D
30.173143,-93.356823,24,39,3432,4383,2023-11-26,1644,L8,H,D
30.173144,-93.356512,24,39,3433,4383,2023-11-26,1644,L8,H,D
30.18878,-93.048668,24,39,4421,4327,2023-11-26,1644,L8,L,D
30.189051,-93.04898,24,39,4420,4326,2023-11-26,1644,L8,L,D
30.189051,-93.048668,24,39,4421,4326,2023-11-26,1644,L8,H,D
30.189321,-93.04898,24,39,4420,4325,2023-11-26,1644,L8,H,D
30.189321,-93.048668,24,39,4421,4325,2023-11-26,1644,L8,H,D
30.189592,-93.04898,24,39,4420,4324,2023-11-26,1644,L8,H,D
30.189592,-93.048668,24,39,4421,4324,2023-11-26,1644,L8,H,D
30.189863,-93.048668,24,39,4421,4323,2023-11-26,1644,L8,L,D
30.194636,-93.315762,24,39,3564,4304,2023-11-26,1644,L8,M,D
30.201513,-92.993195,24,39,4599,4280,2023-11-26,1644,L8,L,D
30.201513,-92.992883,24,39,4600,4280,2023-11-26,1644,L8,H,D
30.237791,-92.996622,24,39,4588,4146,2023-11-26,1644,L8,M,D
30.251301,-93.278835,24,39,3683,4095,2023-11-26,1644,L8,H,D
30.251798,-93.299106,24,39,3618,4093,2023-11-26,1644,L8,L,D
30.252652,-93.280398,24,39,3678,4090,2023-11-26,1644,L8,M,D
30.252652,-93.280086,24,39,3679,4090,2023-11-26,1644,L8,M,D
30.255064,-93.291319,24,39,3643,4081,2023-11-26,1644,L8,M,D
30.260759,-93.287282,24,39,3656,4060,2023-11-26,1644,L8,H,D
30.260759,-93.28697,24,39,3657,4060,2023-11-26,1644,L8,H,D
30.261029,-93.287283,24,39,3656,4059,2023-11-26,1644,L8,H,D
30.26103,-93.286971,24,39,3657,4059,2023-11-26,1644,L8,H,D
30.288657,-93.089583,24,39,4290,3958,2023-11-26,1644,L8,L,D
30.322681,-93.176056,24,39,4013,3832,2023-11-26,1644,L8,L,D
30.351709,-93.122417,24,39,4185,3725,2023-11-26,1644,L8,M,D
30.35171,-93.122105,24,39,4186,3725,2023-11-26,1644,L8,H,D
30.410392,-93.416091,24,39,3245,3506,2023-11-26,1644,L8,H,D
30.410393,-93.415778,24,39,3246,3506,2023-11-26,1644,L8,L,D
30.410663,-93.416092,24,39,3245,3505,2023-11-26,1644,L8,H,D
30.410664,-93.415779,24,39,3246,3505,2023-11-26,1644,L8,H,D
30.463202,-93.16287,24,39,4056,3313,2023-11-26,1644,L8,H,D
30.463473,-93.163183,24,39,4055,3312,2023-11-26,1644,L8,L,D
30.463473,-93.162871,24,39,4056,3312,2023-11-26,1644,L8,H,D
30.485345,-93.334201,24,39,3508,3230,2023-11-26,1644,L8,H,D
30.485346,-93.333888,24,39,3509,3230,2023-11-26,1644,L8,H,D
30.485347,-93.333576,24,39,3510,3230,2023-11-26,1644,L8,L,D
30.485616,-93.334202,24,39,3508,3229,2023-11-26,1644,L8,H,D
30.485617,-93.333889,24,39,3509,3229,2023-11-26,1644,L8,H,D
30.485618,-93.333577,24,39,3510,3229,2023-11-26,1644,L8,L,D
30.485887,-93.334203,24,39,3508,3228,2023-11-26,1644,L8,L,D
30.485888,-93.33389,24,39,3509,3228,2023-11-26,1644,L8,M,D
30.486195,-93.176975,24,39,4011,3228,2023-11-26,1644,L8,H,D
30.509068,-93.259245,24,39,3748,3143,2023-11-26,1644,L8,M,D
30.509338,-93.259558,24,39,3747,3142,2023-11-26,1644,L8,H,D
30.509339,-93.259246,24,39,3748,3142,2023-11-26,1644,L8,H,D
30.509609,-93.259559,24,39,3747,3141,2023-11-26,1644,L8,H,D
30.519881,-93.027256,24,39,4490,3104,2023-11-26,1644,L8,H,D
30.519881,-93.026944,24,39,4491,3104,2023-11-26,1644,L8,H,D
30.520152,-93.027256,24,39,4490,3103,2023-11-26,1644,L8,L,D
30.520152,-93.026944,24,39,4491,3103,2023-11-26,1644,L8,H,D
30.520423,-93.027256,24,39,4490,3102,2023-11-26,1644,L8,H,D
30.520423,-93.026944,24,39,4491,3102,2023-11-26,1644,L8,H,D
30.538925,-93.21679,24,39,3884,3033,2023-11-26,1644,L8,H,D
30.539195,-93.217103,24,39,3883,3032,2023-11-26,1644,L8,H,D
30.539195,-93.21679,24,39,3884,3032,2023-11-26,1644,L8,H,D
30.539197,-93.215852,24,39,3887,3032,2023-11-26,1644,L8,L,D
30.539466,-93.216791,24,39,3884,3031,2023-11-26,1644,L8,H,D
30.540009,-93.215854,24,39,3887,3029,2023-11-26,1644,L8,M,D
30.541368,-93.212729,24,39,3897,3024,2023-11-26,1644,L8,L,D
30.544395,-93.180208,24,39,4001,3013,2023-11-26,1644,L8,H,D
30.544395,-93.179895,24,39,4002,3013,2023-11-26,1644,L8,H,D
30.544665,-93.180208,24,39,4001,3012,2023-11-26,1644,L8,H,D
30.544666,-93.179896,24,39,4002,3012,2023-11-26,1644,L8,H,D
30.586901,-93.177157,24,39,4011,2856,2023-11-26,1644,L8,H,D
30.587171,-93.177471,24,39,4010,2855,2023-11-26,1644,L8,M,D
30.587172,-93.177158,24,39,4011,2855,2023-11-26,1644,L8,H,D
30.685175,-93.172951,24,39,4025,2493,2023-11-26,1644,L8,L,D
30.685445,-93.172952,24,39,4025,2492,2023-11-26,1644,L8,H,D
30.685716,-93.172952,24,39,4025,2491,2023-11-26,1644,L8,H,D
30.704459,-92.88445,24,39,4946,2422,2023-11-26,1644,L8,H,D
30.70473,-92.884449,24,39,4946,2421,2023-11-26,1644,L8,H,D
30.84858,-92.214426,24,39,7081,1881,2023-11-26,1644,L8,L,D
30.84858,-92.214426,24,38,5871,7181,2023-11-26,1644,L8,L,D
30.848848,-92.21411,24,38,5872,7180,2023-11-26,1644,L8,L,D
30.848848,-92.21411,24,39,7082,1880,2023-11-26,1644,L8,L,D
30.84885,-92.214424,24,39,7081,1880,2023-11-26,1644,L8,L,D
30.84885,-92.214424,24,38,5871,7180,2023-11-26,1644,L8,L,D
30.849117,-92.213794,24,39,7083,1879,2023-11-26,1644,L8,L,D
30.849117,-92.213794,24,38,5873,7179,2023-11-26,1644,L8,L,D
30.849119,-92.214108,24,38,5872,7179,2023-11-26,1644,L8,L,D
30.849119,-92.214108,24,39,7082,1879,2023-11-26,1644,L8,L,D
31.040128,-93.288967,24,39,3658,1181,2023-11-26,1644,L8,H,D
31.040128,-93.288967,24,38,2448,6481,2023-11-26,1644,L8,L,D
31.040129,-93.288652,24,38,2449,6481,2023-11-26,1644,L8,H,D
31.040129,-93.288652,24,39,3659,1181,2023-11-26,1644,L8,H,D
31.040399,-93.288967,24,38,2448,6480,2023-11-26,1644,L8,H,D
31.040399,-93.288967,24,39,3658,1180,2023-11-26,1644,L8,H,D
31.040399,-93.288653,24,39,3659,1180,2023-11-26,1644,L8,H,D
31.040399,-93.288653,24,38,2449,6480,2023-11-26,1644,L8,H,D
31.162033,-92.756727,24,38,4140,6031,2023-11-26,1644,L8,L,D
31.366686,-92.312985,24,38,5545,5269,2023-11-26,1644,L8,H,D
32.334967,-91.79321,24,38,7153,1677,2023-11-26,1644,L8,L,D
32.517694,-93.531562,24,38,1703,1019,2023-11-26,1644,L8,H,D
29.755391,-93.8794,24,40,2973,617,2023-11-26,1645,L8,L,D
29.755405,-93.877228,24,40,2980,617,2023-11-26,1645,L8,M,D
29.758104,-93.878492,24,40,2976,607,2023-11-26,1645,L8,L,D
29.75836,-93.880667,24,40,2969,606,2023-11-26,1645,L8,H,D
29.758375,-93.878495,24,40,2976,606,2023-11-26,1645,L8,H,D
29.758693,-93.871361,24,40,2999,605,2023-11-26,1645,L8,M,D
29.758707,-93.869189,24,40,3006,605,2023-11-26,1645,L8,L,D
29.759211,-93.874779,24,40,2988,603,2023-11-26,1645,L8,H,D
29.759482,-93.874781,24,40,2988,602,2023-11-26,1645,L8,H,D
29.759484,-93.874471,24,40,2989,602,2023-11-26,1645,L8,H,D
29.761102,-93.875416,24,40,2986,596,2023-11-26,1645,L8,H,D
29.761117,-93.873244,24,40,2993,596,2023-11-26,1645,L8,H,D
29.828435,-93.964494,24,40,2701,345,2023-11-26,1645,L8,H,D
29.828706,-93.964496,24,40,2701,344,2023-11-26,1645,L8,H,D
29.832218,-93.965461,24,40,2698,331,2023-11-26,1645,L8,H,D
29.832489,-93.965464,24,40,2698,330,2023-11-26,1645,L8,H,D
29.834398,-93.963619,24,40,2704,323,2023-11-26,1645,L8,H,D
29.834666,-93.963932,24,40,2703,322,2023-11-26,1645,L8,H,D
29.834668,-93.963622,24,40,2704,322,2023-11-26,1645,L8,H,D
29.834937,-93.963935,24,40,2703,321,2023-11-26,1645,L8,H,D
29.834939,-93.963624,24,40,2704,321,2023-11-26,1645,L8,H,D
29.834941,-93.963314,24,40,2705,321,2023-11-26,1645,L8,H,D
29.83521,-93.963627,24,40,2704,320,2023-11-26,1645,L8,H,D
29.835212,-93.963317,24,40,2705,320,2023-11-26,1645,L8,H,D
29.835214,-93.963006,24,40,2706,320,2023-11-26,1645,L8,H,D
29.835754,-93.963322,24,40,2705,318,2023-11-26,1645,L8,H,D
29.835756,-93.963011,24,40,2706,318,2023-11-26,1645,L8,H,D
29.882105,-94.188681,24,40,1981,140,2023-11-26,1645,L8,H,D
49.830072,-99.910262,32,25,1945,5636,2023-11-26,1728,L9,H,D
49.830615,-99.909855,32,25,1946,5634,2023-11-26,1728,L9,H,D
49.977985,-98.495465,32,25,5333,5097,2023-11-26,1728,L9,L,D
51.312497,-100.024515,32,24,317,5368,2023-11-26,1728,L9,L,D
51.312497,-100.024515,32,25,1747,138,2023-11-26,1728,L9,L,D
47.066793,-101.218573,32,27,1432,5348,2023-11-26,1729,L9,M,D
47.067062,-101.218584,32,27,1432,5347,2023-11-26,1729,L9,M,D
49.057548,-100.765823,32,26,1277,3232,2023-11-26,1729,L9,H,D
42.684376,-102.915865,32,30,803,5737,2023-11-26,1730,L9,L,D
42.684633,-102.916247,32,30,802,5736,2023-11-26,1730,L9,H,D
42.684645,-102.915882,32,30,803,5736,2023-11-26,1730,L9,H,D
42.685416,-102.917029,32,30,800,5733,2023-11-26,1730,L9,H,D
42.685454,-102.915933,32,30,803,5733,2023-11-26,1730,L9,L,D
42.685686,-102.917046,32,30,800,5732,2023-11-26,1730,L9,H,D
42.685698,-102.91668,32,30,801,5732,2023-11-26,1730,L9,H,D
42.685723,-102.91595,32,30,803,5732,2023-11-26,1730,L9,H,D
42.685955,-102.917063,32,30,800,5731,2023-11-26,1730,L9,H,D
42.685968,-102.916697,32,30,801,5731,2023-11-26,1730,L9,H,D
42.68598,-102.916332,32,30,802,5731,2023-11-26,1730,L9,L,D
42.68603,-102.914871,32,30,806,5731,2023-11-26,1730,L9,L,D
42.686043,-102.914505,32,30,807,5731,2023-11-26,1730,L9,H,D
42.686225,-102.91708,32,30,800,5730,2023-11-26,1730,L9,H,D
44.371383,-100.331514,32,29,6471,4931,2023-11-26,1730,L9,H,D
44.380011,-100.30949,32,29,6530,4900,2023-11-26,1730,L9,H,D
44.380281,-100.309496,32,29,6530,4899,2023-11-26,1730,L9,H,D
44.691003,-100.062813,32,29,7200,3758,2023-11-26,1730,L9,H,D
44.705892,-100.142992,32,29,6989,3700,2023-11-26,1730,L9,H,D
39.204141,-103.700603,32,33,2257,2776,2023-11-26,1731,L9,L,D
40.392704,-103.445453,32,32,1755,3677,2023-11-26,1731,L9,H,D
40.392709,-103.445807,32,32,1754,3677,2023-11-26,1731,L9,H,D
40.392974,-103.445447,32,32,1755,3676,2023-11-26,1731,L9,H,D
40.392979,-103.4458,32,32,1754,3676,2023-11-26,1731,L9,H,D
40.393249,-103.445794,32,32,1754,3675,2023-11-26,1731,L9,L,D
40.68699,-102.686376,32,32,3874,2541,2023-11-26,1731,L9,H,D
40.68726,-102.686367,32,32,3874,2540,2023-11-26,1731,L9,L,D
41.846112,-102.122226,32,31,4171,3514,2023-11-26,1731,L9,H,D
41.846355,-102.121131,32,31,4174,3513,2023-11-26,1731,L9,H,D
41.846382,-102.122214,32,31,4171,3513,2023-11-26,1731,L9,H,D
42.683797,-102.91722,32,31,1895,477,2023-11-26,1731,L9,L,D
42.68458,-102.915729,32,31,1899,474,2023-11-26,1731,L9,H,D
42.684587,-102.916095,32,31,1898,474,2023-11-26,1731,L9,H,D
42.68485,-102.91572,32,31,1899,473,2023-11-26,1731,L9,H,D
42.68566,-102.915693,32,31,1899,470,2023-11-26,1731,L9,H,D
42.685666,-102.916059,32,31,1898,470,2023-11-26,1731,L9,H,D
42.68568,-102.916791,32,31,1896,470,2023-11-26,1731,L9,H,D
42.685686,-102.917157,32,31,1895,470,2023-11-26,1731,L9,H,D
42.68591,-102.914586,32,31,1902,469,2023-11-26,1731,L9,H,D
42.685943,-102.916416,32,31,1897,469,2023-11-26,1731,L9,L,D
42.68595,-102.916782,32,31,1896,469,2023-11-26,1731,L9,H,D
42.685956,-102.917148,32,31,1895,469,2023-11-26,1731,L9,H,D
42.68618,-102.914577,32,31,1902,468,2023-11-26,1731,L9,H,D
42.686226,-102.917139,32,31,1895,468,2023-11-26,1731,L9,H,D
31.330298,-105.958665,32,38,1497,5397,2023-11-26,1733,L9,M,D
31.421095,-106.1417,32,38,920,5056,2023-11-26,1733,L9,H,D
31.88302,-104.347562,32,38,6594,3362,2023-11-26,1733,L9,H,D
31.999696,-104.12696,32,38,7286,2926,2023-11-26,1733,L9,H,D
32.266432,-104.111037,32,38,7328,1940,2023-11-26,1733,L9,H,D
32.266432,-104.111037,32,37,6098,7240,2023-11-26,1733,L9,H,D
32.266434,-104.111356,32,37,6097,7240,2023-11-26,1733,L9,H,D
32.266434,-104.111356,32,38,7327,1940,2023-11-26,1733,L9,H,D
32.266702,-104.111035,32,38,7328,1939,2023-11-26,1733,L9,H,D
32.266702,-104.111035,32,37,6098,7239,2023-11-26,1733,L9,H,D
32.266704,-104.111353,32,38,7327,1939,2023-11-26,1733,L9,H,D
32.266704,-104.111353,32,37,6097,7239,2023-11-26,1733,L9,H,D
32.267398,-104.133325,32,38,7258,1937,2023-11-26,1733,L9,L,D
32.267398,-104.133325,32,37,6028,7237,2023-11-26,1733,L9,L,D
32.314688,-104.204898,32,38,7032,1764,2023-11-26,1733,L9,H,D
32.314688,-104.204898,32,37,5802,7064,2023-11-26,1733,L9,H,D
32.376274,-104.186501,32,38,7088,1536,2023-11-26,1733,L9,H,D
32.376274,-104.186501,32,37,5858,6836,2023-11-26,1733,L9,H,D
32.555178,-104.278835,32,37,5564,6177,2023-11-26,1733,L9,H,D
32.555449,-104.278833,32,37,5564,6176,2023-11-26,1733,L9,H,D
32.56934,-104.294701,32,37,5514,6125,2023-11-26,1733,L9,H,D
32.569609,-104.29438,32,37,5515,6124,2023-11-26,1733,L9,H,D
32.569611,-104.294699,32,37,5514,6124,2023-11-26,1733,L9,H,D
32.570416,-104.293414,32,37,5518,6121,2023-11-26,1733,L9,H,D
32.570686,-104.293412,32,37,5518,6120,2023-11-26,1733,L9,H,D
32.570688,-104.293732,32,37,5517,6120,2023-11-26,1733,L9,H,D
32.577455,-104.293998,32,37,5516,6095,2023-11-26,1733,L9,H,D
32.577457,-104.294318,32,37,5515,6095,2023-11-26,1733,L9,H,D
32.595165,-104.222571,32,37,5739,6028,2023-11-26,1733,L9,H,D
32.595436,-104.222568,32,37,5739,6027,2023-11-26,1733,L9,H,D
32.595708,-104.222886,32,37,5738,6026,2023-11-26,1733,L9,H,D
32.598485,-104.191212,32,37,5837,6015,2023-11-26,1733,L9,L,D
32.598487,-104.191532,32,37,5836,6015,2023-11-26,1733,L9,H,D
32.648807,-104.18916,32,37,5842,5829,2023-11-26,1733,L9,H,D
32.684622,-104.162277,32,37,5925,5696,2023-11-26,1733,L9,H,D
32.716802,-104.452001,32,37,5019,5583,2023-11-26,1733,L9,H,D
32.716803,-104.452321,32,37,5018,5583,2023-11-26,1733,L9,H,D
32.717072,-104.452,32,37,5019,5582,2023-11-26,1733,L9,H,D
32.717074,-104.45232,32,37,5018,5582,2023-11-26,1733,L9,H,D
32.728283,-104.361966,32,37,5300,5539,2023-11-26,1733,L9,H,D
33.485406,-105.691429,32,37,1166,2740,2023-11-26,1733,L9,M,D
33.485674,-105.691754,32,37,1165,2739,2023-11-26,1733,L9,H,D
33.485676,-105.691431,32,37,1166,2739,2023-11-26,1733,L9,H,D
33.485678,-105.691108,32,37,1167,2739,2023-11-26,1733,L9,H,D
33.485947,-105.691433,32,37,1166,2738,2023-11-26,1733,L9,H,D
33.485949,-105.69111,32,37,1167,2738,2023-11-26,1733,L9,H,D
24.424569,-107.418818,32,43,2602,4358,2023-11-26,1735,L9,H,D
25.381843,-106.918295,32,43,4344,850,2023-11-26,1735,L9,M,D
25.381843,-106.918295,32,42,3084,6150,2023-11-26,1735,L9,M,D
26.343835,-107.332082,32,42,1759,2575,2023-11-26,1735,L9,H,D
26.770689,-107.288561,32,41,682,6291,2023-11-26,1735,L9,H,D
26.770689,-107.288561,32,42,1932,1001,2023-11-26,1735,L9,H,D
26.770693,-107.28826,32,42,1933,1001,2023-11-26,1735,L9,L,D
26.770693,-107.28826,32,41,683,6291,2023-11-26,1735,L9,M,D
26.770959,-107.288567,32,41,682,6290,2023-11-26,1735,L9,H,D
26.770959,-107.288567,32,42,1932,1000,2023-11-26,1735,L9,H,D
26.770964,-107.288265,32,41,683,6290,2023-11-26,1735,L9,H,D
26.770964,-107.288265,32,42,1933,1000,2023-11-26,1735,L9,H,D
51.096731,-112.33936,40,24,381,6166,2023-11-26,1817,L8,H,D
46.868834,-113.509189,40,27,1563,6089,2023-11-26,1818,L8,M,D
46.869095,-113.509595,40,27,1562,6088,2023-11-26,1818,L8,H,D
46.869104,-113.509202,40,27,1563,6088,2023-11-26,1818,L8,M,D
46.869365,-113.509608,40,27,1562,6087,2023-11-26,1818,L8,M,D
46.903224,-114.018956,40,27,273,5916,2023-11-26,1818,L8,H,D
46.903494,-114.018971,40,27,273,5915,2023-11-26,1818,L8,H,D
47.048779,-113.158183,40,27,2473,5449,2023-11-26,1818,L8,M,D
47.048786,-113.157788,40,27,2474,5449,2023-11-26,1818,L8,H,D
47.048794,-113.157394,40,27,2475,5449,2023-11-26,1818,L8,H,D
47.049064,-113.157405,40,27,2475,5448,2023-11-26,1818,L8,H,D
47.462581,-113.673072,40,27,1222,3876,2023-11-26,1818,L8,H,D
47.46259,-113.672674,40,27,1223,3876,2023-11-26,1818,L8,H,D
47.462851,-113.673085,40,27,1222,3875,2023-11-26,1818,L8,H,D
47.46286,-113.672688,40,27,1223,3875,2023-11-26,1818,L8,H,D
47.483084,-113.742212,40,27,1051,3794,2023-11-26,1818,L8,M,D
47.626671,-113.766092,40,27,1010,3260,2023-11-26,1818,L8,M,D
49.218089,-112.22731,40,26,3468,2683,2023-11-26,1818,L8,H,D
49.790854,-112.796096,40,26,2138,533,2023-11-26,1818,L8,H,D
49.790854,-112.796096,40,25,668,5763,2023-11-26,1818,L8,M,D
49.790861,-112.79568,40,25,669,5763,2023-11-26,1818,L8,M,D
49.790861,-112.79568,40,26,2139,533,2023-11-26,1818,L8,M,D
49.79113,-112.79569,40,25,669,5762,2023-11-26,1818,L8,M,D
50.034665,-112.370745,40,25,1705,4881,2023-11-26,1818,L8,H,D
50.03467,-112.370326,40,25,1706,4881,2023-11-26,1818,L8,L,D
51.096731,-112.33936,40,25,1851,946,2023-11-26,1818,L8,H,D
51.096736,-112.338932,40,25,1852,946,2023-11-26,1818,L8,L,D
44.773607,-114.25123,40,29,2362,3339,2023-11-26,1819,L8,H,D
44.773618,-114.250851,40,29,2363,3339,2023-11-26,1819,L8,H,D
45.219782,-112.634308,40,28,5160,7035,2023-11-26,1819,L8,H,D
45.219782,-112.634308,40,29,6660,1815,2023-11-26,1819,L8,H,D
45.220052,-112.634316,40,28,5160,7034,2023-11-26,1819,L8,H,D
45.220052,-112.634316,40,29,6660,1814,2023-11-26,1819,L8,H,D
45.907164,-114.168301,40,28,1246,4370,2023-11-26,1819,L8,M,D
45.907433,-114.168316,40,28,1246,4369,2023-11-26,1819,L8,M,D
46.176235,-112.651925,40,28,5187,3492,2023-11-26,1819,L8,H,D
46.17624,-112.651537,40,28,5188,3492,2023-11-26,1819,L8,H,D
46.187977,-113.326781,40,28,3452,3405,2023-11-26,1819,L8,L,D
46.300548,-114.140295,40,28,1376,2916,2023-11-26,1819,L8,H,D
46.300817,-114.14031,40,28,1376,2915,2023-11-26,1819,L8,M,D
46.578484,-112.914693,40,28,4547,1987,2023-11-26,1819,L8,H,D
46.868834,-113.509189,40,28,3063,869,2023-11-26,1819,L8,M,D
46.869095,-113.509595,40,28,3062,868,2023-11-26,1819,L8,H,D
46.869104,-113.509202,40,28,3063,868,2023-11-26,1819,L8,M,D
46.869365,-113.509608,40,28,3062,867,2023-11-26,1819,L8,M,D
46.903224,-114.018956,40,28,1773,696,2023-11-26,1819,L8,H,D
46.903494,-114.018971,40,28,1773,695,2023-11-26,1819,L8,H,D
40.382442,-115.639007,40,32,2208,3714,2023-11-26,1820,L8,L,D
40.82211,-114.255549,40,31,4902,7296,2023-11-26,1820,L8,L,D
40.82211,-114.255549,40,32,6072,1996,2023-11-26,1820,L8,L,D
40.822119,-114.255904,40,31,4901,7296,2023-11-26,1820,L8,H,D
40.822119,-114.255904,40,32,6071,1996,2023-11-26,1820,L8,H,D
40.822389,-114.255893,40,31,4901,7295,2023-11-26,1820,L8,M,D
40.822389,-114.255893,40,32,6071,1995,2023-11-26,1820,L8,M,D
32.498886,-116.790559,40,37,5063,6402,2023-11-26,1822,L8,H,D
32.498886,-116.790239,40,37,5064,6402,2023-11-26,1822,L8,H,D
32.499157,-116.790558,40,37,5063,6401,2023-11-26,1822,L8,M,D
32.499157,-116.790239,40,37,5064,6401,2023-11-26,1822,L8,H,D
32.598382,-117.011563,40,37,4371,6035,2023-11-26,1822,L8,H,D
32.598652,-117.011882,40,37,4370,6034,2023-11-26,1822,L8,H,D
32.598652,-117.011563,40,37,4371,6034,2023-11-26,1822,L8,H,D
32.598923,-117.011882,40,37,4370,6033,2023-11-26,1822,L8,H,D
32.598923,-117.011563,40,37,4371,6033,2023-11-26,1822,L8,H,D
32.732052,-117.069212,40,37,4191,5541,2023-11-26,1822,L8,L,D
32.813633,-116.796233,40,37,5043,5239,2023-11-26,1822,L8,H,D
32.813634,-116.796553,40,37,5042,5239,2023-11-26,1822,L8,H,D
32.813904,-116.796232,40,37,5043,5238,2023-11-26,1822,L8,H,D
32.857636,-117.02859,40,37,4318,5077,2023-11-26,1822,L8,M,D
32.857823,-117.147544,40,37,3947,5076,2023-11-26,1822,L8,H,D
32.857823,-117.147223,40,37,3948,5076,2023-11-26,1822,L8,H,D
32.857907,-117.02859,40,37,4318,5076,2023-11-26,1822,L8,H,D
33.492021,-117.617205,40,37,2496,2727,2023-11-26,1822,L8,L,D
33.492291,-117.617207,40,37,2496,2726,2023-11-26,1822,L8,H,D
33.492293,-117.616884,40,37,2497,2726,2023-11-26,1822,L8,L,D
33.613398,-117.822775,40,37,1863,2274,2023-11-26,1822,L8,H,D
33.6134,-117.822452,40,37,1864,2274,2023-11-26,1822,L8,M,D
33.613668,-117.822778,40,37,1863,2273,2023-11-26,1822,L8,H,D
33.61367,-117.822454,40,37,1864,2273,2023-11-26,1822,L8,H,D
33.715828,-117.710754,40,37,2212,1898,2023-11-26,1822,L8,L,D
33.794073,-117.475151,40,37,2941,1613,2023-11-26,1822,L8,H,D
33.794074,-117.474827,40,37,2942,1613,2023-11-26,1822,L8,L,D
34.017485,-117.21223,40,37,3754,790,2023-11-26,1822,L8,L,D
34.04723,-117.340369,40,37,3360,679,2023-11-26,1822,L8,H,D
34.04723,-117.340369,40,36,2130,5969,2023-11-26,1822,L8,H,D
34.115107,-117.924862,40,37,1564,417,2023-11-26,1822,L8,H,D
34.115107,-117.924862,40,36,334,5707,2023-11-26,1822,L8,H,D
34.142465,-117.427632,40,36,1863,5616,2023-11-26,1822,L8,H,D
